Bahasa Indonesia,Bahasa Madura
Bagaimana kabarmu?,Dekremmah kabere hedeh?
Aku baik-baik saja.,Engkok beres beih
Lama sekali tidak berjumpa.,Cek abiteh tak atemmuh.
Iya paling udah sekitar 3 tahunan.,Iyot paleng lah tellok taonan.
Sekarang kamu tinggal dimana?,Sateyah hedeh neng-neng e dimmah?
Saya sekarang tinggal di Jakarta bersama anak dan istriku.,Engkok sateyah neng-neng e Jakarta bik tang anak ben tang binih.
Kerja apa kamu disana?,Alakoh apah hedeh edissak?
Aku buka usaha sendiri.,Engkok mukkak usaha dhibik.
Wah mantap itu.,Wah mantap ajeah.
"Iya, alhamdulilah.","Iyot, alhamdulillah."
Sekarang kamu udah punya anak berapa?,Sateyah hedeh wes andik anak berempah?
Saya sekarang punya anak satu.,Engkok sateyah andik anak sittong.
Namanya siapa?,Nyamanah sapah?
Namanya Fatimah,Nyamanah Fatimah.
Alhamdulillah dari namanya saja pasti anaknya cantik.,Alhamdulillah deri nyamanah beih mesteh anak’eh raddhin.
Oh ya jelas siapa dulu orang tuanya?,Oh ye jellas sapah gellun oreng tuanah?
"Yaudah dulu ya, aku harus pulang sekarang karna ada keperluan.","Yowes gellun yeh, engkok kodhuh mule sateyah polanah bedeh kaparloan."
Oh iya hati-hati ya di jalan.,Oh iyot tengateh e neng jelen.
Ini aku ada sedikit uang buat rokok.,Ariyah bedeh dhiddhik pesse ghebei rokok.
Kamu bener-bener teman baikku. Terimakasih ya?,Hedeh ongghu-ongghu tang kancah se beccek. Sakalangkongkong yeh?
Iya sama-sama.,Iyot depadeh.
saya sayang kamu,Eson terro ka be’na
"Buk, ada sikat?","Bhuk, badha berrus?"
Mangganya berapa harganya?,Berempa’ arghena paona?
Mangganya berapa harganya?,Saponapa argheneppon paona?
ini yang saya inginkan,Arèya sè èkaterrroè bi' sèngko'
apakah kuda ini yang akan kamu beli?,Apa jhârân rèya sè èbellia bi' bhâ'na?
putra Pak Matwawi akan diperistri dia,Potrana Pa' Matwawi èkabinèa kana' rowa
Aku Cinta Kamu,Bulâ tarèsna ka Dhika
Cinta itu Buta,Tarèsna nèko Buta
Sesungguhnya Cinta itu dibawa Mati,Saongghuna tarèsna nèka èkèba matè
"Oh, teganya meninggalkan hati yang terpesona akan cinta","Ḍu, tèghana ningghâllaghi atè sè kapèncot tarèsna"
"Jika memang cinta mari dengan kesungguhan, jangan sampai aku terkenang-kenang","Mon tarèsna torè bi' ongghu, jhâ kangsè bulâ ngen-bângennan"
Mempersembahkan Cinta dengan seribu senyuman,Nyaos tarèsna saèbu pèsem
Saya membawa pancing ke sungai,Sengkoq ngeba pancèng ka songay
Tiap hari pak Amat memancing di sungai,Sabhhan are paq Anat manceng è songay.
Banyak orang mengambil pasir di sungai,Banyaq orèng ngalaq beddhi e songay
Buah salak itu sifatnya seperti pasir,Buwa salak jareya sepaddha engaq beddhi
Amin dapat memutus tongkat,Amin nganneng noghel tongket
Cari adiknya!,Sare aleqen!
Ibu mencari adik saya,Ebhu nyare tang aleq
Kalah berapa kamu?,Kala b'ammpa baqna?
Yang baik mengalah saja.,Se bhaghus ngala bhai.
Saya mempunyai seorang pembantu.,Sengkoq andiq abdhi kasorang.
Kamu harus mengabdi kepada negara.,Baqna kodhu ngabdhi daq naghara.
Udeng itu baru.,Odheng jareya anyar.
Pak Ali memakai udeng.,Pak Ali aodheng.
Telur itu masak.,Tellor jareya massaq.
Tiap hari ayam saya bertelur.,Sabbhan are tang ajam atellor.
Roti itu dimakan oleh adik saya,Roti arowa ekakan biq tang aleq
Air itu diminum oleh kuda,Aeng jareya eenom biq jharan
Surat saya dibaca oleh anak saya,Tang sorat ebaca biq tang anaq
Cincin yang hilang dicari oleh kakak saya,Selloq se elang esare biq tang kakaq
Pohon itu ditarik sampai roboh,Bhungka Jareya etajhaq sampe rohghu
Bawa buku ini ke rumah,Keba buku areya kabengko
Bunga ini warnanya merah,Kembhang areya barnana mera
Warna kain ini terlalu merah,Barna kaen areya tamera ghallu
Di piring ada sayur,E pereng bada ghangan
Ini gunakan sebagai sayur,Areya kaghangan
Udeng ini mahal,Odheng areya larang
Pakailah kain ini sebagai udeng,Kaen areya kaodheng
Orang itu guru saya,oreng arowa tang ghuru
Patung itu sebesar orang,Area arowa saoreng rajana
Ini dapat dipergunakan alat untuk menulis,Areya kenneng ekaghabay panoles
Jahitlah kain ini untuk baju,Jhaiq keen areya kangghuy kalambhi
Bawa kain ini ke penjahit,Keba kaen areya ka panjhaiq
Bayar dahulu pembelian itu,Bajar gHallu kabellina jareya
Apa yang dipakai pembayar?,Apa se ekaghabay pambajar?
Hal itu masih tidak ada penguatnya,Bhab jareya ghiq tadaq pekokona
Jangan banyak cakap,Jhaq kabannyaqan totor
Dengarkan petuah orang tua,Edingaghi petotor reng towa
Berapa putramu?,Saponapa pottra sampeyan?
Para putranya sudah sukses semua,Parpottrana dhaddhi kabbhi
Kertas itu putih,Dhalubang jareya pote
Putihkanlah mengapurnya,Papote ngaporra
Pak Saha menulis surat.,Paq Saha noles sorat.
"Yah, kok lancang kamu!","Yaq, maq lancang baqen!"
Jangan lancang-lancang!,Jhaq komalancang ra!
Saya tidak mau,Kaula taq poron
Batu itu besar,Bato jareya raja
Rumah itu terialu besar.,Bengko arowa ceq rajana.
Larinya cepat,Baruna santaq
Kapal laut itu sangat cepat,Kapal taseq arowa ceq santaqna
Ayam itu suka nasi,Ajam jareya dhujan naseq
Ayamnya di dalam kurungan,Ajamma e dalem korongan
Adam punya adik laki-laki,Adam andiq aleq keq-lakeq
Adiknya Adam pandai.,Aleqna Adam penter
Ada 50 rumah di desa ini.,Bada 50 bengko e dhisa dinnaq
Rumahnya ada di dekat sawah.,Bengkona bada e seddhiqna saba
Maryam pergi ke pasar.,Maryam entar ka pasar.
Maryam akan pergi ke pasar.,Maryam entara ka pasar
Mencari ikan tidak dapat.,Nyare jhukoq taq nemmo.
Apakah kira-kira menemukan bila mencari di pasar.,Bhaq nemmoa mon nyare e pasar.
Ini beli dahulu!,Areya belli ghallu!
Ini akan dibeli di Surabaya.,Areya ebellia e Sorbhaja.
Tas ini ringan.,Tas areya dhammang.
Kepunyaan saya lebih ringan.,Tang andiq dhammangan.
Kuburlah ayam mati itu.,Kobhur ajam mate arowa.
Jangan bergurau di kuburan.,Jhaq aghajaq neng e kobhuran.
pertanyaan ini tulis saja.,Patanyaqan areya toles bhai.
Tulisanmu tidak baik.,Tolesanna baqna jhubaq
Pak Saleh memberi pagar pekarangannya.,Pak Saleh maghari pakaranganna.
Pagar itu berwama putih.,Paghar arowa barnana pote
Pukullah kalau nakal.,Pokol mon nakal.
Anak itu memukuli adiknya.,Nag-kanaq jareya mokole aleqen.
Amir menganggap Amat sebagai tonggak.,Amir nongghaqaghi Amat
Saya menuliskan surat ibu saya.,Sengkoq noles aghi sorat tang ebhu
Sebentar-sebentar saya mempunyai rasa pusing.,Jhaq-sakejbaq sengkoq pettengen.
Adik saya mempunyai sakit luka.,Tang aleq poroen.
Bapak sudah mempunyai uban.,Eppaq ella obanen.
"Tembok yang kita bangun di sekeliling kita agar terhindar dari kesedihan, juga menjauhkan kita dari kebahagiaan.","Tembok se ebangung e sekitar engok sopajeh jeuh deri keseddien, bisa majeuh kiah deri kabunga’an"
"Kita harus berarti untuk diri kita sendiri, sebelum menjadi berharga untuk orang lain",Sengkok kodhu andik arteh gebhei engkok kadek sebeluna engkok deddi oreng se andik reggeh ka orang laen
"Aku mencintaimu, bukan hanya karena siapa kamu. Tapi juga karena menjadi apa diriku saat bersamamu","Engkok niser ka be’na, benni perak polanah sapa be’nah, Tapeh polanah deddih apa sengkok mun bik be’nah."
Jangan pernah memilih seseorang menjadi prioritasmu ketika bagi mereka kamu hanyalah pilihan cadangan,"Jek sampek mile oreng sopajeh deddi se paling otama kangguy be’en, saat oreng oreng jieh perak madeddi be’en deddi cadangan"
Cinta adalah ketika kebahagiaan orang lain lebih penting dari pada kebahagiaanmu,Neser (cinta) ariah saat kebungaanah oreng laen lebih otamah (penting) ebendhing kebunga’anah be’en dibik
"Janganlah berputus asa soal cinta, terkadang cinta datang dengan sendiri tanpa dapat kita duga","Tak osa putus asa, saat gagal nabeng cinta, karna kadengkalanah, cinta (rassa neser) se bekal deteng dibik, tanpa ngira-ngira"
Adik saya mempunyai sakit luka.,Tang aleq poroen.
Bapak sudah mempunyai uban.,Eppaq ella obanen.
Bapak pergi ke pesta memakai udeng.,Eppaq entar ka pesta aodhengan.
Apa kamu sudah pernah melihat kraton?,Apa baqna ella perna nengghu karaton?
Kamu harus mengerti tata cara priyayi.,Baqna kodhu ngatoe kaparjajian
Obat ini mengurangi kesakitan.,Jhamo areya ngorange kasakeqan
Samad mencuri mangga ketahuan tetangganya.,Samad ngecoq pao kataoan tatangghana
Sepatu ini terlalu besar untuk adik saya.,Sepatu areya karajaan kangghuy tang aleq
An2ik saya bertiga pei^ nonton wayang.,Tang anaq katelloan entar nengghu bajang
Wama baju ini terlalu merah bagi saya.,Barna kalambi jareya kameraen ka sengkoq
Apa yang diucapkan diturut.,Saocaqna etoroq
Sesudah berpidato pak Bupati duduk.,Samarena apidato pak Bupati lengghi.
Tindakan saya sepengetahuan isteri saya.,Tendhaghan sengkoq sataoan tang bine
Bayarannya hanya cukup sekaii makan.,Bajaranna coma cokop sakakanan.
Ayam dan itik itu satu kurungan.,Ajam ban etek jareya sakorongan
Kambing itu suka di tempat rumput.,Embiq jareya perna neng e parebbhaan
Tempat membatik itu dekat dengan kamar tidumya.,Pabate ghanna semaq ka kamar tedungnga.
Bila dikabulkan oleh kehendak Tuhan.,Manabi panareng kalaban kasokanna Allah.
Dia punya kehendak untuk kawin.,Abaqen andiq karettek akabina.
"Kamu itu bagaimana?, lombok besar masih hijau sudah dipetik.","Baqna reya baramma?, nyama cabbi raja ru-biru laepettek."
"Saya tidak tahu namanya, orangnya berbadan tinggi.","Sengkoq taq too kanyamana, orengnga ghi-tengghi."
Rina masih pagi-pagi benar sudah menguap.,Rina giq ghu-kagghu la aowayan.
Amir datang waktu malam.,Amir datang lem-malem
Pak Guru mengapa marah-marah,Paq Ghuru maq dhak-marhdik
Rini memakai gelang emas.,Rini gheghellang emmas.
Amat sering mencaci maki.,Amat segghud memeso
Orang yarg punya kursi enak saja duduk-duduk.,Oreng se andiq korse nyaman bai se-korsean
Ali itu sesaudara paling putih.,Ali rowa sataretan te-potean kadibiq.
Yang pergi ke pasar saya bertiga.,Se entar kapasar sengkoq lo-telloan
Aminah dan Amin sekarang sudah berumah tangga.,Aminah ban Amin sateya la ako-bengko
Udin mempunyai kebiasaan bertingkah.,Udin andiq kabiasaan akal-pokal.
Jangan disuruh-suruh saja anak-anak itu.,Jaq ero-soro bhai naq-kanaq jareya.
Jangan lancang-lancang mendahului pekerjaan itu.,Jhaq cang-malancang adhului kalakoan jhareya.
Jangan pura-pura mau lah,Jhaq ron-maporon ra.
gula batu,ghula bato
ghula paser,gula pasir
meja tulis,sabun roqom
cincin emas,selloq emmas
sumur bor,somor ebbur
Rumah itu besar,Bengko jareya raja
Dia memasak.,Abaqen amassaq.
Merah berarti berani.,Mera artena bangal.
Mencuri tidak baik,Ngecoq taq becceq
Pada waktu itu tanggapannya wayang.,E bakto ghapaneka ghaq-tangghaqepon bajang
Kira-kira pandaikah adiknya?,Bhaq penterra aleqen?
Pintu di muka sudah saya kunci.,Labang e adaq ampon esosse biq kaula.
Kepala desa mengantarkan uang pajak.,Lorana dhisa ngaterraghi obang pajhek
Kain putih ini dijual terlalu mahal.,Labun paneka ejhuwal larang dhimen.
Kayu ini baunya harum.,Kaju reya bauna roqom.
Di dekat-dekatnya itu ada lorong kecilnya.,E dhiq-seddhiqna ghapaneka bada lorong kenegepon
Banyak teman-temannya yang meniru kelakuannya.,Bannyaq ca-kancana se pada neroe kalakowan apon.
Baju baru diberikan ibu kepada adik.,Kalambi anyar ebaghi ebhu daq aleq.
Kecil itu yang baik.,Keneq jareya se bhaghus.
Takut itu sifat adik saya,Takoq jereya sepaddha tang aleq
Kamu saya tunggu sejak tadi,Baqna edanteq sengkoq ghellaq mola
Saya minta minum obat saja.,Kaula nyoqon ngenoma jhamo bisaos.
Saya sudah sangat senang bila mengetahui teman-teman saya berkecukupan.,Sengkoq la ceq bhungana mon ngatelaq sang ca-kanca kabbhi pada kop-cokop.
Berenang itu olah raga yang baik.,Alanggoy jareya olah raga se bhughus.
Tiap hari menangis itu pekerjaannya.,Sabbhan are nages jareya kalakowanna.
Sekian banyaknya.,Sabariya bannyaqna
Tak lama yang perempuan menyusul membawa pelita,Taq abit se bineq nyosol ambhakta dhamar
Ayah saya guru.,Tang rama ghuru
Keris warisan Wiijo itu banyak dongengnya.,Kerres sangkolanna Wirjo engghapaneka banyaq dhung-ngengepon
Lagi pula mungkin Li A Sie itu banyak kenalannya pembesar-pembesar.,Sarengan olle dhaddhi Li A Sie bannyaq kenalanepon ja-pangraja.
"Kata orang yang menjual, itu kuda Jawa saja.","Caqna oreng se ajhuwal, jareya jharan Jhaba bhai"
Kuda abu-abu ini pembeliannya berapa?,Jharan dhabuk areya kabellina barampa?
Adiknya ada tujuh.,Aleqen bada papettoe
Jauhnya dari sini tiga puluh kilo,Jhauepon dari kaqdinto tello polo kilo.
Yang dinantikan kamu.,Se edanteq dhika.
"Putranya orang itu, dia.","Pottrana oreng engghaneka, abaqna"
"Yang akan mengantarkan, saya",Se bhakal ngaterraghina sengkoq.
Kuda itu masih muda dan sangat bagus.,Jharan jareya ghiq ngoda sarta ceq bhaghussa.
Ayah saya guru SD yang terkenal di Bangkalan.,Tang rama ghuru SD teladan se terkenal e Bangkalan.
"Inilah, ayah sudah datang, memanggil","Yaq, eppaq ella dateng, ngolok."
Kucing makan tikus mati.,Koceng ngakan tekos mate.
"Benar saya tidak kaya, Nak, tetapi juga tidak kekurangan.","Bhender sengkoq taq soghi, cong, nangeng iya taq kakorangan."
Akan mengaku apa tidak?,Ngakoa apa enjaq?
Saya masih belum pergi ke rumahnya.,Sengkoq ghiq bellun entar ka bengkona
"Adiknya pandai, tetapi kakaknya bodoh.","Alegen penter, tape kakagen bhudhu."
"Tidak bukan harimau, kucing hutan itu.","Enjag banne macan, koceng alas jaieya."
"Lampu tak begitu terang, besarkan dulu, besok pagi membersihkan semprongnya.","Dhamar tag pate terang, paraja ghallug, lagghuna maberse sembrongnga."
Wirjo itu rajin bekeija dan baik mengolahnya sawahnya.,Wirjo ghapaneka bhajheng alalakon tor sae pangolana sabana.
"Bila kamu berani menentang atasan yang berkuasa, itu kamu bersalah.","Lamon dhika bangal apaddhu ban oreng se attasan pangkat, se kobdsa, ghaneko dhika sala."
Bila kamu tidak melawan saudaranya tentu sekarang tidak bermusuhan kepada kamu.,"Lamon dhika taq alaban tretanna, tanto sanonto taq soker ka dhika."
Ibu memberi baju baru adik.,Ebhu aberriq klambhi anyar aleq.
Sapi ini pandai berenang.,Sape areya penter alangngoy.
Setiap orang yang tidak menurut katakan dimarahi.,Sepat oreng se taq noroq ocaq eombhanga.
Tadi masih pagi ada orang berlima yang membetulkan jembatan di utara.,"Ghellaq ghiq lagghu bada oreng kalema se mabeceq, ghladaq e daja"
Orang desa senang memelihara sapi dan kerbau.,Oreng dhisa lebur ngobu sape ban kerbuy.
Saya hanya memberikan.,Sengkoq coma maghiaghi.
Temannya kupukul.,Kancana epokol biq sengkoq.
Temannya kau pukul.,Kancana epokol biq baqen
Kamu akan ke manakah?,Baqen bhakal daq emma a?
Pohon-pohon mana yang akan dirobohkan?,Kaqbhungka an kema se eparobbhua?
Siapa namamu?,Sapa nyamana baqen?
Hari apa sekarang?,Are apa sateya?
Apa saudara sudah sembuh?,Atape dhika ampon baras?
Kuda abu-abu ini pembeliannya berapa?,Jharan dhabug areya kabelina barampa?
Kapan saudara akan pergi ke kota?,Bilaepon panjhenengngan meosa ka kotta?
Tidakkah kamu yang menyanggupi akan memperda1am pekalen?,Taq baqen se nyangghubhi madalema soksok?
Pergi!,Nyenggha!
Membayar tiap bulan serupiah saja sampai lunas!,Nyerra sabbhan bulan saropeya bhai taker pona!
"Sanedin, jangan dusta!","Sanedin, ajjhaq lecek!"
"Maser, bangunlah!","Maser, jhagha ra!"
Tutup pintu dahulu!,Entep labang glialluq!
Silahkan duduk!,Nyara lengghi!
Sampai di sana tidur saya.,Dapaq e dissaq tedung sengkoq.
"Baru datang kamu, akan pergi ke mana lagi?","Bhuru dateng baqna, kamma a pole se entara?"
Kok siang-siang datangmu.,Maq yang-seyang datenga baqen.
Alangkah mahalnya ikan ini,Ceq larangnga jhukoq areya
Tinggi sekali rumah ini.,Tengghi sakale bengko areya.
Jangan menyimpang kanan kiri.,Ajjhaq nyempang kangan kacer.
Apa akan hujan?,Apa terro ojhana?
Mungkin.,Manabi.
"Hari akan hujan, mungkin.","Are terro ojhana, manabi."
"Tidak, saya tidak mengambil tembakau itu.","Bhunten, kaula tag ngalaq bhako paneka."
Ludah yang jatuh tak dapat dijilat lagi.,Copa seghagghar taq kenneng ejhilat pole
Jatuhnya hujan tidak begitu banyak.,Ghaggharra ojhan taq pate bannyaq.
Timbangannya tidak kurang betul,Tembhangnganna taq korang bhender.
Sepanjang jalan mereka berdua tiada hentinya omong-omong.,Toroq jhalan se kadua tadaq pegghaqna sk adon-jandon.
"Tak lama, kereta lalu berangkat.",Taq abit jikar pas mangkat.
Masakan saudara masih belum mendengar beritanya,Soroq sampeyan ghiq taq ngeding bartana
"Karena itu, begitu dia melihat saya, lalu segera keluar.","Melana sareng abaqna nengale kaula, pas engghal kalowar"
"Lampu tidak begitu terang, perbesar dahulu, besok pagi kita membersihkan semprongnya.","Dhamar taq pate teraq, paraja gfwllu, lagghuna maberse sembrongnga."
Sesudah tidak letih lalu berangkat lagi,"Saamponna pada mare lesso, pas mangkat pole"
"Semalam suntuk dia menangis, pagi harinya setelah sudah bangun, matanya membendul","Samalem bhenteng abaqna se nanges, kalagghuanepon, sareng ampon jhagha, bengalla bakoq"
tempat yang baru,kennengngan se anyar
buah yang asam,buwa se celoq
orang tani yang rajin,oreng tane se bhajheng
anak yang pandai,kanaq se penter
cangkul yang tajam,landuq se tajhem
bayi yang menangis,babajhig se nanges
tetangga yang meminjam,tatangaha se ngenjham
anak-anak yang terpilih,naq-kanaq se kapele
sawah lima petak,saba lema lokkeq
garam sepuluh kuintal,buja sapolo kintal
kursi satu perangkat,korse sasettel
Bayi yang menangis itu putera Amir,babajhiq se nanges jareya pottrana Amir
Rupanya sudah pandai membaca anak kecil itu,Ropana la penter maca kanaq keneq jareya
Gadis ini sangat cantik seperti ibunya,Paraban reya ceq raddhinna dhaq-endhaqa ebhuna
Ibunya adalah guru bahasa,Ebhuna iya oreng ghuru bahasa
Yang sangat perlu tabiat jujur,Se ceq parlona tabiqat se jhujhur
Ayah saya membeli sapi lima,Tang eppaq melle sape lalemaq
Anak perempuan itu mengumpulkan temannya yang perempuan,Kanaq bineq jareya makompol kancana se babineq
Perkara hidup matinya tidak taulah,Perkara odiq matena la taq taca
Saudara-saudara dan tetangganya menyalahkan dia,Tan-taretan otaba tatangghana nyalaaghi abaqna
Kepunyaanku yang putih dan hitam,Tang endiq se pote ban se calleng
Gadis-gadis di desa ini cantik-cantik dan lagi patuh pada orang tua,Ban-paraban e dhisa areya dhin-raddhin ban pole norat ka reng lakeq
"Yang pulang ke Madura adalah ayah, ibu, dan adiknya","Se toron ke Madhura eppaqna, embuqna, ban aleqna"
Orang-orang bersama-sama menyembelih sapi dan kambing,Reng-oreng pada nyambhelli sape ban embiq
"Kamu akan membeli ini, itu, atau itu?","Baqna melies areya, arewa, apa jareya?"
"Abdullah, anak Pak Imam sudah meninggal","Abdullah, anaqna Paq Imam la mate"
Rupanya obat peninggalan mamaknya mujarap betul.,Ropaepon jhamo dhadhingghalan mamaq-na mandhi ongghiu
Meja tulis itu sudah saya beli enam puluh rupiah.,Meja tales jreya  sengkoq ella melle sabidhak ropeya.
Orang itu diajak ke rumah saya sebentar saja kok tidak mau.,Oreng jareya eajhaq ka tang bengko sakejjhaq blakka
Orang itu bila pergi ke pasar waktu dzuhur masih belum pulang.,Oreng jareya mon entar kapasar bheddhuq ghiq taq mole.
Saya tidak mengira sama sekali.,Kaula taq ngera sakale
"Yang mana sapi yang bagus, ialah yang mendapat hadiah.","Se kemma sapena se bhaghus, iya areya se olle persen"
"Beberapa orang pergi, sambil sujud serta berbakti kepada area.","Brampan oreng entar, sambi asojhud sarta abhakte daq area."
Mengapa siang-siang datangmu.,Maq seang-seang datenga baqen
Orang itu menangkap ikan dengan jala,Oreng jareya meghaq jhukoq kalaban jhala
Aku Cinta,Engko Terro
Aku Kangen,Engko Kerrong
Orang Mana,Reng Dimmah
Mau Kemana,Entar Kammah
Saya Lapar,Kauleh Terro Ngakanah
Saya Haus,Kauleh Arjheng
Selamat Ulang Tahun,Slamet Molang Areh
Terima Kasih,Mator Sekelangkong
Satu Darah,Settong Dhere
Meninggal Dunia,Adhek Omor
murid teladan,mored toladhan
anjing tua,pateq towa
sapi lima,sape lalemaq
anak kecil,kanaq keneq
orang tua,oreng towa
gadis cantik,paraban raddhin
kerbau besar,kerbhuy raja
murid jujur,mored jhujhur
Semua anaknya pandai kecuali yang sulung,Kabbhi anaqna penter kajhabha se sareyang
Ini sudah betul tetapi bagaimana?,Areya la bhendher tape baramma?
Belajar dengan giat itu kewajiban,Ajhar kalaban bhajheng jareya kewajibhan
Mengerjakan sawah itu memang penghidupannya,Alako saba jareya lakar pengodiqanna.
Mencuri itu bukan pekerjaan yang baik,Ngecoq jareya banne kalakoan se becceq.
Bermabuk-mabukan itu merusak fikiran,Abuq-mabuqan jareya marosek pekker.
Bersem bahyang itu diperlukan,Asombhajang jareya eparloaghi.
Menipu itu menyusahkan orang.,Nepo jareya nyossaaghi oreng
Menyusahkan orang itu dosa,Nyossaaghi oreng jareya jhubaq
Mengingatkan teman itu baik,Maengag kanca jareya bhagus
Bertindak jujur itu terpuji,Alako jhujhur jareya tapojhi.
Kaya itu menyenangkan,Sogni jareya nyennengaghi.
Takut itu mengecilkan hati,Takoq jareya makeneq ate
Senang dan susah itu sama saja,Pepak ban sossa jareya pada bhai.
Seratus itu angka genap,seratos jareya nomer ghennaq.
Dua puluh lima itu hitungan juga,Saghameq jareya bitongan keya.
Sedikit ada perlunya juga,Sakoneq bada parlona keya
Sedikit diperlukan juga,Sakoneq eparloaghi keya.
Lima atau sepuluh akan saya minta,Lalemaq ataba sapolo epentas se sengkoq.
Semua itu yang akan dilepaskan,Kabbhi jareya se eccola.
Semua atau sebagian masih belum cukup,Kakabbhi otaba sahagian ghiq taq cokop
Semua di Sumenep,Kakabbhi e Songngenep
Setiap hari orang itu bersepeda,Sabbhan are oreng jareya asspedaan
"Saya sesampai di kantor, lalu bekerja","Sengkoq sadepaqna e kantor, pas alako"
Ayahnya menemui tamunya dengan gernbira,Eppaqna nemmone tameyya kalaban ghunbhira
Dia pergi ke Surabaya bermalam di hotel Asia.,Abaqna entar ka Sorbhaja ngenep e hotel Asia.
Saya sangat ingin mengajar bahasa Madura,Sengkoq ceq terrona ngajhar bahasa Madura
Mulai kapan kamu mengajar di Pasongsongan?,Molea bila baqna se ngajhar e Pasongsongan?
Dia sudah pernah belajar di Australia,Abaqna la tao rassana ajhar e Australia
Di pesisir Pasir Putih banyak orang menjual ikan laut.,E paseser Pasir Putih bannyaq oreng ajhuawel jhukoq taseq
Pada hari Raya yang lalu orang-orang di desa saya menyembelih sapi lima,E are tellasan se tapongkor reng-oreng e tang dhisa nyambhelli sape lalemaq
Setiap hari dia bekeIja di sawah sehingga kulitnya berubah menjadi hitam,Sabbhan are abaqna alako e saha sampeq koleqna aoba celleng.
Ali sangat gembira pada hari menerima hadiah itu,AIi ceq ghumbhirana e are taremana person jareya
Dia sudah pernah belajar di Australia,Abaqna la tao rassana ajhar e Australia
Di pesisir Pasir Putih banyak orang menjual ikan laut.,E paseser Pasir Putih bannyaq oreng ajhuawel jhukoq taseq
Pada hari Raya yang lalu orang-orang di desa saya menyembelih sapi lima,E are tellasan se tapongkor reng-oreng e tang dhisa nyambhelli sape lalemaq
Setiap hari dia bekeIja di sawah sehingga kulitnya berubah menjadi hitam,Sabbhan are abaqna alako e saha sampeq koleqna aoba celleng.
Ali sangat gembira pada hari menerima hadiah itu,AIi ceq ghumbhirana e are taremana person jareya
"Dia belajar dengan rajin, lebih-lebih menghadapi ujian yang paling akhir",Abaqna ajhar kalaban bhajheng bi-lebbi ngadhebbhi ujian se di-budi.
Mari bekerja mati matian membangun negara,Mara alako ambaq pate abhangon naghara.
Ayah menemui tamunya dengan gembira,Eppaq nemmone tamoyya kalahan ghumbhira.
Orang nelayan itu menangkap ikan dengan jala,Oreng majangan jareya meghaq jhukoq kalaban jhala.
Orang tani itu tak akan berhasil kalau tidak menjalankan petunjuk PPL,Oreng tane jareya taq kera hasel mon taq anjhalanaghi petoddhuna PPL
Murid itu menulis dengan tangan yang kiri,Mored jarowa noles kalaban tanang se kacer
"Karen a sulit memperoleh pekerjaan, orang-orang itu ikut transmigrasi","Serena malarat ngaolle kalakoan, reng-oreng jareya noroq tareka transmigrasi."
Hidupnya menjadi susah karena tidak rajin bekerja,Odiqna dhaddhi malarat karana taq bhajheng alako
"Dia jadi kurus, teringat-ingat kepada anaknya yang meninggal.","Abagna dhaddhi koros, ngaq-engaq ka anaqna se mate."
Orang itu bekerja mati-matian supaya lekas kaya.,Abaqna alako ambaq pate sopaja lekkas soghi.
Anak-anak desa pergi ke kota untuk mengetahui kereta api,"Naq-kanaq dhisa entar ka kotta, malar ngataoe seppur."
Belajarlah giat-giat agar dapat naik kelas,Ajhar pa bhajheng maq le bisa onggha kellas
Siapa yang mengambil buku adik?,Sapa se ngalaq bukuna tang aleq?
Kapan kamu pulang ke Sumenep,Bila baqna se mole ka Songngenep?
Hitung dari nomor lima!,Bitong dari nomer lemaq!
Masuk kamu lewat samping,Masoq baqna lebat ereng
"rang itu setiap hari ke pasar, bersepeda","Orang jareya sabbhan are ka pasar, Asapedaan"
"Sekarang anak itu sudah pandai membaca, rupanya","Sateya kanaq jareya la penter maca, ropana."
Kemarin kerbaunya yang putih mati setelah makan komak,Baqariq kerbhuyya se pote mate saellana ngakan komak.
kerbaunya yang putih mati,kerbhuyya se pote mate
setiap hari orang itu bersepeda ke pasar.,Sabbhan are oreng jareya aspedaan ka pasar.
Anak saya belajar sangat rajin,Tang anaq ajhar ceq bhajhengnga
Anak saya menghadapi ujian akhir,Tang anaq ngdhebbhiujian akher
Anak saya belajar sangat rajin untuk menghadapi ujian akhir,Tang anak ajhar ceq bhajhengnga ngara ngadhebbhi ujian akher
Saya akan membeli buku,Sengkoq mellea buku
Kamu akan meminjam apa?,Baqna ngenjhama apa?
Dia menangkap ikan,Abaqna meghaq jhukoq.
Tetangga saya melebarkan rumahnya,Tang tatanggha melebar bengkona
Pemerintah membangun sekolah.,Pamarenta abhangon sakolaan.
Saya membawa bukunya.,Sengkoq ngeba bukuna.
Bukunya terbawa olehku,Bukuna takeba so sengkoq
Kepalsuannya ketahuan oleh temannya,Kapalsuanna kataoan biq kancana
Temannya mengetahui kepalsuannya,Kancana ngataoa kapalsuanna
Anak itu berani,Kanaq jareya bangal
Yang betul bukan begini,Se bhender benne daqiya
Gadis-gadis ini cantik cantik.,Ban-paraban reya dhin-raddhin
Orang tani itu membawa cangkul,Reng tane rowa ngeba landuq.
Orang tani itu membawa apa,Reng tane rowa ngeba apa
Anak-anak itu kok ramai saja,Naq-kanaq rowa maq enger melolo
Di kota orang itu hidupnya susah.,E kotta oreng rowa odiqna sossa.
Sawah itu miliknya,Saba arowa andiqna.
Saudara-saudaranya mengajar di Sumenep,Tan-taretanna ngajhar e Songngenep.
Saudara-saudaranya mengajar di mana,Tan-taretanna ngajhar e dimma
Itu semua rumahnya,Arowa kabbhi bengkona.
Yang mana rumahnya,Se kemma bengkona?
"Pada hari Raya, orang-orang menyembelih sapi.","E are tellasan, reng-oreng nyambheli sape."
Anaknya membeli buku ke toko.,Anaqna melle buku ka toko
Kamu yang membawa ini,Baqna sengeba areya
Ayo bawa,Mara keba
"Tolong, bawa","Tolong, keba"
Murid-murid belajarlah rajin-rajin,Red-mored ajhar pa bhajheng
Mudah-mudahan saya lulus ujian!,Gha-mogha sengkoq lulus ujian!
Jangan baca buku itu,jhaq baca buku jareya
Buah itu mengandung vitamin.,Buwa jareya aghanthu vitamin
Buah-buah asam itu mengandung vitamin,Wa-buwa celoq jareya aghandhu vitamin
Orang itu tetap merasa betul,Oreng rowa tettep arassa bhender.
Saya dengar suara bedug.,Ekaeding se sengkoq sowarena jidur.
Saya dengar bedug dipukul orang,Ekaeding se sengkoq jidur etabbhu oreng.
Orang laki-laki menjual kayu itu,Oreng lalakeq ajhuawal kaju rowa
Gunung yang tinggi itu jelek,Ghunong se tengghi rowa jhubeq.
Rumah itu limabelas meter tingginya,Bengko rowa lemabellas meter tengghina
Adik mengetahui namanya,Aleq ngataoe nyamana
Adik mengetahui orang yang ditakuti di sini,Aleq ngataoe oreng se etakoqe e diya.
Pak Lurah menyerahkan piala kepada Ali,Pak Kalebun naremaaghi piala ka Ali.
Pak Lurah/menyerahkan piala kepada anak yang memperoleh angka paling banyak.,Pak Kalebun/naremaaghi piala ka kanaq se ngaolle angka paleng bannyaq
Saya yakin akan kejujurannya.,Bula yakin daq kajhujhuranna
Saya yakin akan ucapannya yang jujur,Bula yakin daq ocaqna se jhujhur
Ayamnya diberi makan oleh saya,Ajamma aberriq ngakan se sengkaq.
Ayamnya diberi makan/oleh orang yang naik sepeda itu,Ajamma ebem'q ngakan se oreng se nompaq sapeda rowa
Tadi semuanya sudah cukup,Ghellaq sakabbbhianna la cokop
"Pada waktu ayahnya pergi ke pasar, semuanya sudah cukup.","N baktona eppaqna meyos ka pasar, sakabhianna la cokop"
Kemarin saya menunggui rumah,Baqariq sengkoq noghui bengko.
Ketika ayah ibu pergi ke Surabaya,Nalekana eppaq embuq entar ka Sorbhaja
bahwa saya pemah menanyakan,kalamon sengkoq la perna nanyaaghi
apa kamu sudah betah di Pamekasan,pa baqna la perna neng e Mekasan
Gunakan waktumu itu supaya tidak menyesal,Gnunaaghi baktona baqna jareya sopaja taq kasta
Orang tua itu,Oreng towa arowa
"Sudah saya pastikan, hujan pasti akan turun dan kamu tidak akan datang","La epasteghi so sengkoq, ojhan paste torona ban baqna taq kera bisa dateng"
Sudah saya pastikan itu,La epasteaghi so sengkoq jareya
"Surat kabar mengabarkan , bahwa orang tani di desa ini sudah meningkatkan hasil pertaniannya, tetapi tidak dapat menjualnya ke kota","Sorat kabhar ngabhargahi, jhaq reng tane e dhisa reya la mengkadaghi hasel tanena tape taq bisa ajhuwal ko kotta."
Surat kabar mengabarkan begini,Sorat kabhar ngabharaghi bariya
Orang itu nelayan,Oreng jareya oreng majangan.
Anak itu menangis.,Kanaq jareya nanges.
Rumahnya tinggi.,Bengkona tengghi.
Kerbaunya lima ekor.,Kerbhuyya lalemaq.
Paman ke Surabaya.,Anom ka Sorabhaja.
Ia berangkat pukul lima pagi,Abaqna mangkat pokollemaq lagghu.
Ibunya meninggal di Mekah.,Ebhuna mate e Mekkah.
Ayah menyambut tarnu dengan gembira,Eppaq nemmone tamoyya kalaban ghumbhira.
Nelayan itu menangkap ikan dengan jala,Oreng majangan jareya meghaq jhukoq kalaban jhala.
Penduduk harus melaksanakan program Keluarga Berencana,Penduduk kodhu anjhalanaghi tareka keluarga berencana.
Bagaimana kabarmu?,Dekremmah kabere hedeh?
Aku baik-baik saja.,Engkok beres beih.
Lama sekali tidak berjumpa.,Cek abiteh tak atemmuh.
Iya paling udah sekitar 3 tahunan.,Iyot paleng lah tellok taonan.
Sekarang kamu tinggal dimana?,Sateyah hedeh neng-neng e dimmah?
Saya sekarang tinggal di Jakarta bersama anak dan istriku.,Engkok sateyah neng-neng e Jakarta bik tang anak ben tang binih.
Kerja apa kamu disana?,Alakoh apah hedeh edissak?
Aku buka usaha sendiri.,Engkok mukkak usaha dhibik.
Wah mantap itu.,Wah mantap ajeah.
"Iya, alhamdulilah.","Iyot, alhamdulillah."
Sekarang kamu udah punya anak berapa?,Sateyah hedeh wes andik anak berempah?
Saya sekarang punya anak satu.,Engkok sateyah andik anak sittong.
Namanya siapa?,Nyamanah sapah?
Namanya Fatimah.,Nyamanah Fatimah.
Alhamdulillah dari namanya saja pasti anaknya cantik.,Alhamdulillah deri nyamanah beih mesteh anak’eh raddhin.
Oh ya jelas siapa dulu orang tuanya? Hehe.,Oh ye jellas sapah gellun oreng tuanah? Hehe.
"Yaudah dulu ya, aku harus pulang sekarang karna ada keperluan.","Yowes gellun yeh, engkok kodhuh mule sateyah polanah bedeh kaparloan."
Oh iya hati-hati ya di jalan. Ini aku ada sedikit uang buat rokok.,Oh iyot tengateh e neng jelen. Ariyah bedeh dhiddhik pesse ghebei rokok.
Kamu bener-bener teman baikku. Terimakasih ya?,Hedeh ongghu-ongghu tang kancah se beccek. Sakalangkongkong yeh?
Iya sama-sama.,Iyot depadeh.
Aku Mencintaimu,Bulâ tarèsna ka Dhika
Cinta itu Buta,Tarèsna nèko Buta
Sesungguhnya Cinta itu dibawa Mati,Saongghuna tarèsna nèka èkèba matè
Cinta Suci,Tarèsna sè èsto
Benang-benang asmara,Bây-lâbây Tarèsna
"Oh, teganya meninggalkan hati yang terpesona akan cinta","Ḍu, tèghana ningghâllaghi atè sè kapèncot tarèsna"
Teringat akan Cinta,nyaèmot ka tarèsnana
"Jika memang cinta mari dengan kesungguhan, jangan sampai aku terkenang-kenang","Mon tarèsna torè bi' ongghu, jhâ kangsè bulâ ngen-bângennan"
Benar-benar Cinta,Tarèsna Ongghu
Mempersembahkan Cinta dengan seribu senyuman,Nyaos tarèsna saèbu pèsem
"Tembok yang kita bangun di sekeliling kita agar terhindar dari kesedihan, juga menjauhkan kita dari kebahagiaan.","Tembok se ebangung e sekitar engok sopajeh jeuh deri keseddien, bisa majeuh kiah deri kabunga’an"
"Kita harus berarti untuk diri kita sendiri, sebelum menjadi berharga untuk orang lain.",Sengkok kodhu andik arteh gebhei engkok kadek sebeluna engkok deddi oreng se andik reggeh ka orang laen
"Aku mencintaimu, bukan hanya karena siapa kamu. Tapi juga karena menjadi apa diriku saat bersamamu.","Engkok niser ka be’na, benni perak polanah sapa be’nah, Tapeh polanah deddih apa sengkok mun bik be’nah."
Jangan pernah memilih seseorang menjadi prioritasmu ketika bagi mereka kamu hanyalah pilihan cadangan,"Jek sampek mile oreng sopajeh deddi se paling otama kangguy be’en, saat oreng oreng jieh perak madeddi be’en deddi cadangan."
Cinta adalah ketika kebahagiaan orang lain lebih penting dari pada kebahagiaanmu.,Neser ariah saat kebungaanah oreng laen lebih otamah ebendhing kebunga’anah be’en dibik.
"Janganlah berputus asa soal cinta, terkadang cinta datang dengan sendiri tanpa dapat kita duga.","Tak osa putus asa, saat gagal nabeng cinta, karna kadengkalanah, rassa neser se bekal deteng dibik, tanpa ngira-ngira."
"Ayo, perhatikan saja bapak nanti pasti datang",Mayu toraqan eppaq maste dateng daggiqan
"Ayo, kita bertaruh sepeda kalau kamu lulus",Mara kalaqan sepeda mon baqna lulus
kakak-kakaknya saya,kakaq-kakaqna sengkoq
tiang-tiangnya sudah rusak,pangpang-pangpangnga ella rosak
anak-anaknya sedang menangis,anak-anakna pada nangis
ada yang berwarna putih,bada pote-patena
kalau dinaiki tidak enak,tompaq-tompaqanna taq nyaman
sulit bila ditagih,malarat taghi-taghiyanna
sulit bila dibangunkan,malarat jhaga-jhilgaqanna
makanlah termasuk kulitnya,kakan sakoleq-koleqna
buanglah termasuk tempatnya,buwang Sabadhaa-baddhana
lama tidak selesai-selesai,taq mare-mare
lama tidak pulang-pulang,taq mole-mole
jangan pergi jauh-jauh,jhaq kalowar jhau-jhau
jangan tergesa-gesa berangkat ke Jogya,jhaq lekas-lekas mangkat ka Jogya
pemandangan indah,pangabasan raddin
anak-anak yang telah datang,Naq-kanaq se la dateng
ayah menulis surat,eppaq noles sorat
Saya membayar orang yang bekerja di sini.,Sengkoq majari oreng se alako e diya
Membeli nasi goreng di warung,Melle naseq ghuring e barung
Bekerja di kapal yang besar,Alako e kapal se raja
Gunung dan sungai di pulau Madura,Gunnong ban songay e polo Madura
baju saya,tang kalambi
kumpulan dan kerabat saya,tang kambrat ban karabat
keluarga saya yang banyak sekali,tang kolawarga se bannyaq parana
enam orang di dalam rumah,nem oreng e dalam pengko
sepuluh butir telur,telor sapolo megghiq
air panas yang keluar dari dalam tanah,aeng panas se kalowar dari dalam tana
garam dari Madura yang dibuat di Kalianget,buja dari Madura se ekaghabay neng e Kalianget
Madura yang panas,Madura se panas
jalal yang gemuk,Jalal se lempo
Siapa yang mengambil potlot itu?,Sapa se ngalaq poqlot reya?
Siapa yang dapat memetik mangga itu?,Sapa se bisa molong pao reya
Orang itu mencari siapa di situ?,Oreng roa nyare sapa e dissaq?
Guru itu memukul siapa kemarin,Ghuru roa mokol sapa baqariq?
Menjadi apa ayahmu sekarang,Dadhhi apa eppaqna baqna sateya?
Apa saja yang hilang?,Apa bhai se elang
Apa yang dimakan kucing itu?,Apa se ekakan koceng rowa?
Akan dibelikan apa oleh ayahmu?,E melleyagiya apa ban eppaqna baqna?
Naik apa kamu ke Pabian?,Nompaq apa baqna ka Pabian?
Mengirim apa kamu kemarin ke Saleh?,Ngerem apa baqna baqariq ke Saleh?
Apa boleh saya pergi ke sini?,Apa olle sengkoq entar daq enja?
Apa sudah lama kamu ada di sini?,Apa la abit baqna bada neg e diya?
Apa kamu sudah mendengar kabar?,Apa baqna la ngeding kabhar?
Apa yang akan dibuang ke sini,Apa se ebuwanga daq enja
Naik apa kamu pergi ke Sampang,Nompak apa baqna entar ke Sampang
Bekerja apa kamu,Alako apa baqna
Berapa yang sudah menempati rumah ini,Barampa se la ngennengnge bengko reya
Berapa yang waktu ini kebetulan ada di sini,Barampa se bakto jareya kabhenderran pada neng e diya
Berapa yang akan dijual,Berampa se e juwala
Kamu akan minta berapa,Bagna mentaqa barampa
Akan dibelikan berapa oleh ayahmu,Emelleyagiya barampa ban eppaqna baqna
Yang datang mendapat hadiah,se datang olle hadiah
orang yang datang,Oreng se datang
Saya mengurus yang diperlukan,sengkoq ngoros se ekaparlo
keluarganya banyak,kalowargana bannyaq
Kakak yang dari Jogya,kakaq se dari Jugya
Bibi yang ke Surabaya,Bhibbhing se ka Sorbaya
Banjir yang besar kemarin itu telah surut.,Banjir se raja baqariq rowa ella sorot
Bis itu lewat di jembatan yang sedang dibangun.,Bis rowa lebat e galadak se prappaqna e paddhek
Perahu kayu itu telah rusak.,Parao kayu rowa ella rosak.
Lapangan rumput yang luas itu dipakai untuk olah raga,Lapangan rebbha se lebar rowa eyangghuy olah raga.
Pedagang yang datang tadi itu menjual obat.,Dagang se dateng giq bhuru rowa ajhual obhat.
Saya dan adik saya akan pergi ke Sumenep,sengkoq ban tang aleq bakal entara ka Sumenep.
Temanmu pegawai di kantor Kecamatan,Kancana baqna ponggaba e kantor kacamatan.
Dia orang yang tidak mau menurut.,Orbiqna oreng se taq endaq norot.
Paman saya membeli rumah di Kalianget.,Tang paman melle bengko e Kalianget
Kucingnya Ali makan tikus besar,Kocengnga Ali ngakan tekos raja
Kakak saya ingin jadi dokter,Tang kakak daddiya dokter.
Jalal menjadi murid yang amat pandai,Jalal dhaddhi moret se talokat penter
Ini merupakan masalah yang rumit.,Reya aropaqaghi hal se malarat
Presiden akan mengangkat dia menjadi menteri.,Presiden bakal ngangkada dhibiqna daddi menteri
Pak guru menganggap Sutran murid yang bodoh,Bapak Ghuru nganggep Sutran moret se budhu
Ibu membeli baju untuk adik saya.,Ebhu melle kalambhi kaangguy tang aleq
Saya menyesaJ atas perbuatanmu,Sengkoq mangyessel daq kalakowanna baqna.
Hamid memberi temannya lima buku,Hamid aberriq kancana buku lalemaq
Siti memilihkan saya baju yang baik,Siti melleyaghi sengkoq kalambhi Se bhaghus.
Terus raja mencari obat ke mana-mana.,Terros rato nyare tambhaka ma-dimma
Si Patih tadi merasa iri,Si papate ghellaq arassa iri
Beberapa orang sudah datang,Pan-barampan oreng ella datang
Masing-masing anak mendapat hadiah,Tong-settongnga naq-kanaq olle hadiah
lbu membelikan saya baju ini,Ebbhuq melleyaghi sengkoq kalambhi reya
Kerjakanlah pekerjaan ini,Lakonan lalakon jareya
Pukullah cepat-cepat anjing itu,Kol-pokol patte rowa!
Saya berbicara kepada kamu,Sengkoq ngocaq ka baqna
Orang itu mencari apa di situ,Oreng rowe nyare apa edissaq
Dimana Jalal berdiri kemarin,Jalal majhang edimma bhaqari
Berlari pagi-pagi membuat badan sehat,Berkaq ghu-lagghu andhaddhiyaghi bada segger
Tukang batu menyelesaikan pekerjaannya.,Tokang bato rowa parappaqna mamare lalakonna.
Kamu harus ikut ujian segera.,Baqna kodu duli noroq ujian
Saya menyuruh bekerja cepat,Sengkoq terro alakowa ceppet
Bayi itu tidak mau makan dan minum,Bhajiq rowa taq endaq ngakan ban ngenom
Pekerjaannya adalah menjaga bangunan,Kalakowanna iya areya ajaga geddung.
Yang menjadi tanggung jawab saya adalah menyelesaikan soal keuangan,Se dhaddhi tang tanggung jawab iya areya mamare perkara pesse
Ayah menyuruh Siddin menangkap ikan,Eppaq nyoro Siddin megaq jukoq.
Ketua panitia minta saya menghadiri pertemuan,Katua panitiya menat sengkoq adatengnge papangghiyan
Sungai itu panjang sekali,Songay rowa lanjhang parana
Udaranya terasa panas,Hawana arassa panas
cantik sepertl bidadari,raddhin akunta bidaddari
mengkilat sesudahnya digosok,ngennyer saellana ekosot
kering sebelurnnya dijemur,kerreng sabellunna e jemmor
terang seperti bulan,terrang sapertena bulan
Hasilnya memuaskan sekali.,Hasella bhagus parana
Pakaian itu cukup besar,Pangangguy reya cokup raja
Kalianget yang tidak begitu ramai,Kalianget se taq pate ramme
Adik saya agak lemah,Tang aleq abaq geddhur
Hujan kemarin itu sangat deras,Ojhan se baqariiq rowa ceq derressa
Semua orang ingin menjadi kaya,Sakabbinna oreng terro sogiya
Dia rupanya sakit sekali,Dhibiqna ropana sakeq ongghuwan
Kamu telah membuat saya kecewa,Baqna ella andaddiyaghi sengkoq kaceba
Saya tidak bisa membiarkan ayah sengsara,Sengkoq taq bisa adinaqaghi eppaq sangsara
Bau masakan itu membuat lapar,Bauna massaqan rowa andaddiyaghi lapar
Kelakuannya menyebabkan susah,Kalakowanna nyababbaghi sossa
Dia bekerja dengan rajin,Dhibiqna alakokalaban bhajheng
pembicaraan itu berjalan dengan lancar,Rarembagan rowa ajhalan kalaban lancar
Saya berdiam di rumah,Sengkoq enneng e bengko
Dia pergi ke sekolah.,Dhibiqna entar ka sakolaqan
Gadis itu datang dari pasar,Babineq rowa dateng dari pasar
dari dengki ke sabar,dari dhengghi ka sabbhar
dari empat menjadi dua,dari empaq dhaddhi duwaq
Ali mandi di sungai,Ali mandi neng e songay
Sawahnya diberi air dari pengairan,Sabana eyaengi dari pangairan
Saya memberi baju kepada adik saya,Sengkoq aberriq kalambhi ka aleqna
Di sini menjual gamping,E diya ajhual ghampen
Di sini menyediakan kursi sewaan,E dinnaq nyadiyaqaghi korse sewaqan
Orang dari Sumenep itu akan kemari,Oreng dari Sumenep rowa bhakal daq ennaq
Sawah di sana itu akan dijual,Saba e dhissa rowa ejhuala
isterinya dari Bangkalan,Bhinana dari Bangkalan
Saya ingin ke sana,Sengkoq terro daq essaqa
Dia berniat akan ke pasar,Dhibiqna aneyat ka pasara
Adik saya mahasiswa,Tang aleq mahasiswa
Orang itu mencari minyak,Oreng jareya nyare minnyaq
Air panas dan dingin,Aeng panas ban cellep
yang ke sembilan belas,se nomer sanga bellas
Tiga butir teiur yang saya beli,Tello megghiq telloq se ebelli moso sengkoq
mengambil uangnya bapak,ngalaq pessena eppaq
memukul anaknya tetangganya,mokol ananqna tatanggana
membeli rumahnya adiknya,melle romana aleqna
makan mangganya orang,ngakan paona oreng
bekerja di sawah,alako e saba
jatuh dari atas,hgogghor dari attas
berlari dengan menangis,berkaq kalaban nangis
tidur sampai tengah malam,tedung sampeq tengnga malem
bekerja karena saya,alako karena sengkoq
makan atau minum,ngakan otaba ngenom
menari dan menyanyi,atari ban anyanyi
menangis tetapi senang,nangis tape perak
Petani itu bekerja di sawah,Reng tane rowa alako e saba
Kereta api yang ditumpanginya meluncur cepat sekali,Seppur se etompaqe dhibiqna alalonceq santaqna
Burung terbang itu tidak boleh ditangkap,Manoq ngabber rowa taq olle e pegaq
Jangan mengganggu bayi tidur,jaq rok-ngerok bajiq tedung
Mencuri itu perbuatan yang jahat,Ngeroq reya lalakon se jubaq
Kamu sudah boleh mengerjakan,Baqna ella olle alakone
Dia tidak tahu siapa itu,Dhibiqna taq tao sapa jareya
Saya membeli buku untuk kamu,Sengkoq melle buku kaangguy baqna
"Sudah, jangan membelikan saya baju",Ella jhaq melleyaghi sengkoq kalambhi
Dia berjalan dengan temannya,Dhibiqna ajha lan moso kancana
perkaranya menjadi sulit.,Parkarana dhaddhi malarat
Berjalan-jalan merupakan olah raga yang baik,Lan jhalanan apopaqaghi olahraga se baghus.
pemberianmu merupakan sesuatu yang saya butuhkan,Baberriqna baqna aropaqaghi bharang se ebhutawaghi biq sengkoq.
